WC	WPS	Qmarks	Unique	Dic	Sixltr	funct	pronoun	ppron	i	we	you	shehe	they	ipron	article	verb	auxverb	past	present	future	adverb	preps	conj	negate	quant	number	swear	social	family	friend	humans	affect	posemo	negemo	anx	anger	sad	cogmech	insight	cause	discrep	tentat	certain	inhib	incl	excl	percept	see	hear	feel	bio	body	health	sexual	ingest	relativ	motion	space	time	work	achieve	leisure	home	money	relig	death	assent	nonfl	filler	class
281	40.14	0.36	60.14	46.62	14.95	25.62	10.32	6.76	2.85	0	3.2	0.36	0.36	3.56	3.56	6.05	3.2	1.42	3.56	0	1.42	4.63	2.85	1.07	0.36	14.95	0	6.05	0	0	0.36	5.69	2.14	3.2	0	3.2	0	8.9	0	1.07	1.42	0.71	1.07	1.78	1.78	1.42	0.36	0	0	0.36	2.14	0.71	1.07	0.36	0	7.12	1.07	1.78	4.27	1.07	0	1.07	0.36	1.07	0	1.78	0	0	0	yes
4432	40.29	0.18	33.39	8.51	23.35	4.11	0.72	0.72	0.25	0.32	0.09	0.07	0	0	2.19	0.07	0.05	0	0.05	0	0	0.14	0.09	0.97	0.07	7.24	0	1.11	0.2	0	0	0.97	0.45	0.5	0.05	0.09	0.09	0.61	0.16	0.09	0.02	0.02	0.11	0.11	0	0	0.09	0.05	0	0	0.29	0.02	0.27	0	0	0.74	0.02	0.5	0.23	0.79	0.5	0.11	0	0.27	0.29	0.02	0.23	0.02	0	yes
269	13.45	0	58.74	70.26	13.75	41.26	13.75	10.04	5.58	0.74	3.72	0	0	3.72	1.86	17.47	9.67	2.23	11.52	2.23	3.35	7.81	3.35	3.35	2.23	10.04	2.6	7.43	0	0	1.12	8.18	3.72	4.46	0.37	2.6	1.12	16.36	2.23	1.49	1.86	4.09	1.12	0	3.35	2.97	0.74	0.37	0	0.37	3.72	2.6	1.12	0	0	11.9	3.35	4.46	4.09	1.86	1.49	1.49	1.12	0.74	0	0	1.86	0	0	yes
3497	13.71	0.83	34.97	11.67	19.79	4.66	0.86	0.83	0.6	0.11	0.09	0	0.03	0.03	0.03	2.6	1.57	1.4	1.17	0	0.37	1.74	0.03	0.06	0.09	7.72	0.09	1.97	0.11	0	0.23	1.06	0.66	0.46	0.11	0.23	0.11	0.83	0.17	0.14	0.06	0	0.06	0.06	0.11	0.03	0.2	0.06	0.03	0.11	0.77	0.37	0.26	0.09	0.06	2.75	0.03	1.89	0.89	0.34	0.17	0.8	0.31	0.09	0	0.26	0.26	0.26	0	yes
19	19	0	94.74	10.53	10.53	5.26	5.26	5.26	5.26	0	0	0	0	0	0	5.26	5.26	0	0	0	0	0	0	0	0	5.26	0	0	0	0	0	0	0	0	0	0	0	0	0	0	0	0	0	0	0	0	0	0	0	0	0	0	0	0	0	5.26	0	0	5.26	0	0	0	0	0	0	0	0	0	0	yes
3133	47.47	0.38	34.34	51.1	20.04	30.35	9.42	6.42	3.61	0.38	1.76	0.45	0.22	3	2.81	8.01	4.44	1.82	5.27	0.48	3.13	6.19	2.36	0.99	1.69	9	0.77	6.58	0.19	0.03	1.24	5.52	3.54	2.01	0.22	1.05	0.16	9.13	0.99	0.96	0.83	1.63	1.18	0.22	1.69	2.14	1.72	0.86	0.38	0.32	3.89	1.24	0.29	2.46	0.29	6.51	0.99	2.43	2.94	1.09	0.8	0.51	0.1	0.32	0.16	0.1	0.61	0.16	0.19	yes
3643	24.95	0.27	32.03	51.91	15.18	31.49	7.85	5.57	3.02	0.33	1.89	0.27	0.05	2.28	3.51	7.69	3.82	0.82	5.54	0.82	2.53	10.4	2.74	0.66	1.48	9.2	0	5.65	0.05	0.33	0.44	5.19	4.28	0.88	0.03	0.08	0.71	7.74	0.85	0.47	0.49	0.96	0.88	0.47	2.83	1.18	2.64	0.63	1.59	0.33	0.88	0.03	0.25	0.49	0.11	12.65	1.21	6.04	5.16	0.55	1.04	2.77	0.03	0.41	0.55	0.11	0.22	0.03	0.11	yes
2666	16.56	0.34	44.41	63.92	18.6	38.18	7.43	4.31	2.4	0.08	0.75	0.68	0.41	3.11	5.4	12.19	7.73	2.66	7.91	0.9	2.33	11.1	2.96	0.75	2.1	10.2	0	5.18	0.11	0.11	0.38	4.76	3.11	1.65	0.38	0.56	0.26	10.88	1.88	1.35	1.05	1.69	1.43	0.49	2.55	1.16	2.89	1.5	0.6	0.56	0.98	0.11	0.38	0.11	0.41	13.39	1.91	6.3	5.36	1.8	1.84	2.29	0.45	1.09	0.19	0.23	0.26	0.15	0.26	yes
2058	19.98	0.39	35.47	62.39	14.14	35.67	10.84	8.41	5.93	0.29	1.26	0.29	0.63	2.43	3.35	10.4	5.1	2.24	6.75	0.63	3.69	8.75	2.38	0.73	1.9	13.12	0.1	5.34	0.49	0.05	0.49	5.54	3.79	1.8	0.34	0.58	0.49	9.77	0.83	0.68	1.8	1.36	1.65	0.19	2.04	1.65	1.8	0.63	0.39	0.53	1.99	0.49	0.34	0.05	1.17	13.46	1.8	5.15	6.37	1.46	1.41	2.77	0.24	0.87	0.39	0.15	0.83	0	0.34	yes
2803	25.25	0.39	38.21	9.13	16.59	5.1	1.36	1.32	1.07	0	0.18	0.07	0	0.04	1.96	0.18	0.18	0	0.11	0	0.04	0.14	0.18	1.32	0.14	9.28	0.04	0.68	0.07	0.29	0	1.5	1.11	0.39	0	0.07	0.07	0.43	0.18	0.04	0.04	0	0.11	0.07	0	0	0.18	0.07	0.07	0.04	0.18	0.14	0.04	0.04	0	0.54	0	0.21	0.32	0.5	0.11	0.43	0.04	0.07	0.21	0	0.07	0	0	yes
3462	26.43	0.14	38.88	53.47	20.62	33.74	7.65	4.91	1.76	0.46	1.56	0.69	0.43	2.74	4.77	7.31	4.27	2.31	3.9	0.49	3.06	9.53	3.64	0.98	1.5	8.03	0.29	6.07	0.14	0.14	0.55	4.13	2.66	1.36	0.17	0.61	0.17	10.31	1.01	1.33	0.66	1.62	1.13	0.4	3.21	1.5	1.73	0.95	0.38	0.38	1.53	0.46	0.2	0.46	0.43	8.46	1.16	4.02	3.38	1.5	0.92	1.07	0.17	0.58	0.4	0.2	0.4	0.03	0.2	yes
3184	22.27	0.16	41.3	46.73	20.76	25.06	5.21	3.3	1.22	0.38	1.1	0.38	0.22	1.92	4.4	5.65	3.39	1.51	3.27	0.44	1.79	7.35	1.79	0.38	1.32	10.3	0.06	4.59	0.19	0.31	0.38	6.16	5.24	0.97	0.19	0.44	0.13	6.06	0.53	0.79	0.6	0.75	0.75	0.06	2.14	0.66	1.32	0.47	0.38	0.38	0.66	0.25	0.16	0.09	0.16	10.24	1.04	4.81	4.3	1.26	1.32	2.86	0.72	0.6	0.28	0.06	0.16	0.06	0.09	yes
3178	48.15	0.19	34.55	47.86	20.45	29.11	6.64	3.93	1.32	0.63	1.01	0.79	0.19	2.71	3.9	7.74	4.25	1.32	5.29	0.41	2.42	8.21	2.77	0.47	1.95	9.47	0.09	5.95	0.38	0.09	0.38	5.16	4.06	1.23	0.19	0.41	0.28	7.65	1.04	0.82	0.41	1.01	0.82	0.25	2.33	1.26	1.6	0.94	0.41	0.25	1.16	0.19	0.19	0.66	0.13	9.06	1.23	3.52	4.59	0.66	1.26	1.48	0.09	0.22	0.19	0.06	0.63	0.06	0.19	yes
2953	20.8	0.03	37.25	61.56	18.29	37.42	11.34	7.69	3.66	1.76	1.35	0.54	0.37	3.66	4.47	10.33	6.2	1.83	7.59	0.3	2.61	8.6	2.71	0.78	2.88	9.21	0.17	8.09	0.2	0.24	0.91	7.55	6.37	1.22	0.27	0.37	0.34	11.07	2.17	1.25	0.71	1.32	1.29	0.54	3.18	0.95	2.68	0.81	1.15	0.54	2.54	1.12	0.3	0.95	0.17	7.86	1.05	3.86	2.74	1.25	1.73	2.78	0.1	0.41	0.51	0.14	0.3	0.17	0	yes
10643	5321.5	0	4.06	1.13	2.64	0.26	0.01	0.01	0.01	0	0	0	0	0	0.13	0.03	0.02	0	0.02	0	0	0.07	0.01	0	0	3.74	0	0.12	0	0.02	0	0.26	0.19	0.08	0.02	0.02	0.04	0.04	0	0	0	0	0	0.02	0.01	0.01	0.03	0.03	0	0	0.04	0	0.01	0.01	0.02	0.26	0.01	0.09	0.16	0.09	0.01	0.08	0.02	0.08	0	0	0	0	0	yes
3678	16.06	0.16	35.13	51.03	13.84	31.02	8.02	5.19	2.75	0.41	0.95	0.82	0.27	2.83	4.68	7.78	4.21	1.66	5.3	0.46	2.39	8.81	2.53	0.44	1.44	9.52	0	5.33	0.6	0.24	0.65	5.11	4.3	0.82	0.16	0.16	0.19	7.07	0.9	0.57	0.49	1.14	0.71	0.19	2.45	0.92	1.14	0.6	0.11	0.44	1.2	0.3	0.22	0.57	0.11	12.04	2.04	5.74	4.24	1.2	1.82	1.28	0.44	0.49	0.16	0	0.71	0.08	0.14	yes
82	13.67	1.22	75.61	43.9	10.98	18.29	6.1	4.88	3.66	0	1.22	0	0	1.22	4.88	4.88	2.44	1.22	2.44	0	1.22	4.88	0	0	0	13.41	0	2.44	0	0	0	6.1	6.1	0	0	0	0	3.66	1.22	1.22	0	0	0	0	1.22	0	3.66	2.44	0	1.22	2.44	1.22	1.22	0	0	8.54	0	4.88	3.66	2.44	1.22	3.66	0	2.44	0	0	1.22	0	0	yes
2883	19.88	1.01	34.69	56.09	21.19	35.55	9.85	6.14	0.83	0.45	2.71	1.53	0.62	3.71	4.34	9.99	7.21	0.8	7.7	0.69	2.6	6.24	2.77	1.84	1.63	9.78	0.1	9.16	0.07	0	1.53	5.97	2.95	3.02	0.28	1.77	0.24	10.27	1.21	1.08	1.25	1.56	1.32	0.52	2.12	1.98	0.97	0.31	0.49	0.17	0.9	0.31	0.42	0.14	0.07	6.42	0.8	3.33	2.29	1.7	1.01	0.21	0.17	0.87	0.9	0.45	0.66	0.21	0.24	yes
2028	34.37	0.54	40.73	50.44	16.67	29.78	10.8	7.4	4.93	0.35	1.63	0.3	0.2	3.4	3.8	9.47	5.57	1.82	6.16	0.89	2.17	5.67	1.78	1.48	1.28	13.07	1.48	5.57	0.2	0.1	0.64	6.21	4.09	2.17	0.05	1.58	0.15	7.69	0.84	0.79	1.08	1.18	0.84	0.49	1.92	0.94	1.18	0.49	0.25	0.39	2.51	1.08	0.05	1.33	0.35	7.4	0.94	3.4	3.21	0.99	1.28	1.08	0.05	0.15	0.74	0.25	0.89	0	0.15	yes
3837	30.21	0.21	34.38	56.29	17.28	36.33	10.87	7.19	2.08	1.82	1.56	1.43	0.29	3.67	4.12	9.62	5.66	2.97	5	0.81	3.44	9.02	3.05	0.76	1.3	8.16	0.29	8.7	0.16	0	0.68	5.16	3.99	1.3	0.08	0.44	0.36	11.08	1.59	1.41	1.17	1.51	0.99	0.44	3.08	1.72	1.22	0.42	0.55	0.26	0.78	0.29	0.23	0.18	0.13	8.24	0.91	3.21	4.33	0.89	1.75	0.94	0.13	0.83	0.39	0.18	0.16	0.08	0.13	yes
156	156	0.64	26.92	18.59	14.1	9.62	3.85	3.85	0.64	0	3.21	0	0	0	0	6.41	3.85	0	5.77	0	0	0	0	0	2.56	37.18	0	3.85	0	0	0.64	3.85	0	3.85	0	0	0	5.77	0	0	2.56	0	2.56	0	0	0	0	0	0	0	0	0	0	0	0	0.64	0	0	0.64	0	0	0.64	0	0	0	0	0	0	0	yes
35	35	0	71.43	48.57	17.14	22.86	2.86	2.86	2.86	0	0	0	0	0	2.86	5.71	5.71	2.86	0	0	0	11.43	2.86	0	0	11.43	0	0	0	0	0	5.71	5.71	0	0	0	0	17.14	2.86	8.57	2.86	0	0	0	2.86	0	0	0	0	0	2.86	0	2.86	0	0	11.43	0	5.71	5.71	0	8.57	0	0	0	0	0	0	0	0	yes
3799	42.21	0.11	29.46	47.54	21.35	27.06	3.37	1.9	0.87	0.13	0.34	0.34	0.21	1.47	5.45	3.9	2.55	1.47	1.9	0.24	1.76	9.9	1.61	0.24	2.61	9.32	0	3.42	0.11	0.05	0.29	4.29	3.92	0.37	0.16	0.03	0.13	6.24	0.34	0.32	0.39	1.08	0.34	0.71	1.76	1.68	1.34	0.82	0.08	0.42	0.45	0.11	0.18	0.13	0.05	11.9	1.42	3.21	7.55	1.84	2.5	2.13	0.08	0.24	0.05	0	0.18	0.05	0.08	yes
3647	31.99	0.27	28.35	28.16	19.55	13.16	3.04	2.17	0.52	0.41	0.74	0.36	0.14	0.88	1.12	3.67	2.17	0.38	2.36	0.44	1.18	4.11	1.73	0.33	0.58	9.08	0	3.37	0.05	0.11	0.16	3.84	3.07	0.77	0.11	0.38	0.14	4	0.44	0.27	0.36	0.49	0.41	0.22	1.59	0.41	1.07	0.38	0.27	0.3	0.77	0.3	0.05	0.3	0.11	8.09	0.58	2.3	5.15	0.69	1.12	1.07	0.16	0.16	0.33	0.05	0.25	0.05	0.11	yes
3856	23.66	0.57	26.66	47.33	24.87	24.71	4.46	3.11	0.47	1.37	1.01	0.16	0.1	1.35	3.97	4.88	2.57	0.31	3.73	0.36	1.56	9.73	2.1	0.23	0.88	8.97	0.03	4.77	0.16	0.13	0.23	5.01	2.98	2.05	1.87	0.08	0.1	6.56	0.54	0.78	0.36	0.78	0.23	0.23	3.37	0.47	1.76	0.8	0.1	0.13	3.92	0.08	0.13	0.05	3.76	11.51	0.75	5.65	4.9	1.43	1.17	3.35	0.23	0.88	0.05	0.03	0.08	0	0.13	yes
3790	34.45	0.24	38.02	53.69	20.71	32.03	9.45	6.78	3.54	0.66	1.69	0.45	0.45	2.66	3.88	8.92	4.83	1.9	6.09	0.42	2.22	8.36	2.66	0.95	1.4	7.92	0.16	7.47	0.26	0.08	1.08	4.7	3.3	1.4	0.21	0.47	0.24	8.58	1.06	1.08	1.11	1.08	0.92	0.29	2.37	1.4	2.27	1.08	0.98	0.21	1.66	0.77	0.4	0.5	0.08	8.15	0.98	3.51	3.72	1.66	1.24	1.61	0.16	0.95	0.29	0.11	0.32	0.05	0.18	yes
2631	15.66	0.42	34.85	57.54	23.3	31.39	9.24	5.78	2.05	0.53	2.39	0.34	0.46	3.46	2.66	9.05	4.87	0.72	7.15	0.61	1.98	7.72	3.53	1.41	1.6	10.03	0.04	9.96	0.57	0.19	1.18	8.1	5.63	2.43	0.23	0.68	0.72	10.91	1.75	0.95	1.29	1.44	1.37	0.53	2.85	1.48	1.48	0.61	0.65	0.23	2.7	0.46	1.33	0.84	0.08	6.27	0.99	2.47	2.74	0.87	1.44	0.8	0.19	0.19	2.2	0.53	0.72	0.11	0.15	yes
3435	30.95	0.17	38.22	57.18	16.68	34.41	10.16	6.9	2.45	0.79	2.1	1.08	0.49	3.26	3.73	9.23	5.12	1.92	5.5	0.79	3.14	8.85	2.62	1.05	1.69	8.33	0.2	8.15	0.38	0	0.84	3.9	2.68	1.19	0.12	0.52	0.23	9.96	1.34	0.87	1.25	1.4	1.4	0.55	2.5	1.43	1.95	0.64	0.55	0.7	0.9	0.17	0.38	0.29	0.17	11.27	1.34	5.04	4.83	1.51	1.54	1.22	0.06	1.02	0.44	0.23	0.17	0.09	0.17	yes
76	76	0	67.11	68.42	22.37	43.42	9.21	7.89	7.89	0	0	0	0	1.32	2.63	13.16	9.21	1.32	7.89	1.32	3.95	14.47	6.58	1.32	3.95	13.16	0	3.95	0	1.32	1.32	1.32	1.32	0	0	0	0	17.11	0	1.32	0	0	0	0	13.16	1.32	0	0	0	0	0	0	0	0	0	14.47	1.32	5.26	7.89	3.95	1.32	0	0	2.63	0	0	1.32	0	0	yes
4290	11.98	1.91	23.96	48.14	13.99	26.9	9.77	6.34	0.19	4.17	1.59	0.21	0.19	3.43	2.1	6.46	2.96	0.63	4.66	1.07	2.26	6.81	2.07	0.07	1.4	7.25	0	13.05	0	0.12	0.23	9	8.76	0.16	0.02	0	0	7.88	0.37	0.47	0.23	1.35	0.79	0.26	4.22	0.37	1.63	0.82	0.26	0.21	2.17	0.42	0.21	1.42	0.12	6.04	0.63	2	3.38	0.63	0.63	1.93	0.14	1.26	0.02	0	1.84	0.02	0.07	yes
136	34	1.47	60.29	58.09	10.29	36.03	13.24	11.76	5.15	0	6.62	0	0	1.47	5.88	12.5	5.15	4.41	5.88	0.74	3.68	5.88	2.94	0	0.74	8.09	0	13.24	0	0	1.47	8.82	8.09	1.47	0	0	0	9.56	2.21	0.74	0.74	1.47	0.74	0	2.21	2.21	0.74	0	0.74	0	1.47	0	0	1.47	0	2.94	0	1.47	2.94	0.74	0.74	0.74	0	0	0	0	0	0	0.74	yes
3013	44.31	0	34.35	41.09	15.6	22.73	4.31	3.19	0.7	0.5	0.83	1	0.17	1.13	3.22	4.35	2.85	1.13	2.42	0.33	1.56	7.63	2.22	0.17	1.06	12.25	0	5.11	0.37	0.23	0.27	3.48	3.15	0.3	0.1	0.07	0.13	4.22	0.27	0.3	0.33	0.5	0.33	0.07	2.36	0.33	1.33	0.53	0.6	0.03	0.83	0.2	0.2	0.27	0.17	11.25	0.73	4.15	6.31	0.8	0.9	2.52	0.2	0.43	0.23	0.07	0.13	0.2	0.07	yes
4353	21.13	0.18	29.52	44.93	20.61	26.35	5.05	3.4	0.55	1.26	0.92	0.37	0.3	1.65	4.71	5.95	3.47	0.92	4.55	0.23	1.52	9.35	1.86	0.28	1.08	9.28	0	6.57	0.02	0.05	0.8	3.45	3.1	0.32	0	0.11	0.09	5.1	0.74	0.39	0.16	0.6	0.62	0.07	2.16	0.51	1.03	0.53	0.11	0.44	0.57	0.18	0.23	0.02	0.14	10.71	1.19	4.96	4.46	3.68	3.93	2.78	0.02	0.18	0.07	0	0.23	0.09	0.09	yes
3447	114.9	0	34.93	33.16	23.9	12.97	0.93	0.23	0.12	0.06	0	0.03	0.03	0.7	2.29	2.61	1.1	0.29	1.94	0.06	0.41	6.06	0.7	0.35	0.87	10.18	0	1.62	0	0.06	0.2	2.64	1.39	1.25	0.2	0.58	0.15	4.53	0.49	0.44	0.44	0.2	0.32	0.67	1.07	0.67	1.07	0.81	0.12	0.17	0.84	0.41	0.38	0	0.09	11.2	1.86	4.67	4	2.47	1.57	2.2	0.09	0.38	0.15	0.03	0.12	0.03	0.09	yes
3548	48.6	0.17	44.59	9.13	28.8	4	1.66	1.55	0.76	0.14	0.59	0.03	0.03	0.11	0.54	0.51	0.31	0.06	0.34	0.06	0.11	0.79	0.23	0.34	0.11	8.17	0	1.61	0.17	0	0.03	1.47	1.1	0.37	0.23	0.08	0.06	0.56	0.14	0	0.08	0.03	0.06	0.03	0.2	0.03	0.23	0.06	0.14	0	0.06	0	0	0.06	0	1.47	0.11	0.7	0.65	0.45	0.14	0.31	0.03	0.03	0.93	0.03	0.17	0.03	0.03	yes
238	34	1.26	57.98	63.03	9.24	38.24	13.03	10.5	8.82	0	0.84	0	0.84	2.52	6.3	10.5	3.78	2.1	7.98	0	3.78	10.08	1.68	0.42	2.52	8.82	1.68	7.14	0	0	1.26	5.88	4.2	2.1	0	2.1	0	6.72	0.42	0.42	0	3.36	0.42	0.42	2.1	0	3.36	2.1	0.84	0.42	1.26	0.42	0.84	0.42	0	11.76	2.94	5.46	3.36	0.42	1.26	1.26	0	0.42	0.42	0.42	0.84	0	0.42	yes
2588	28.76	0.39	35.01	59.51	17.08	36.36	9.85	6.38	3.13	0.46	1.35	0.89	0.54	3.48	3.59	11.71	6.11	2.24	7.57	1.08	4.98	7.77	3.48	1.35	1.89	12.33	0.31	5.87	0.19	0.19	0.43	5.95	4.06	1.93	0.43	0.46	0.39	11.28	1.97	0.85	1.43	1.7	1.35	0.27	2.55	1.62	1.55	0.7	0.31	0.5	1.35	0.46	0.27	0.27	0.35	10.05	1.51	4.25	4.21	1.55	1.66	1.08	0.97	0.77	0.46	0.04	0.58	0.19	0.12	yes
49	16.33	0	79.59	57.14	12.24	32.65	6.12	4.08	4.08	0	0	0	0	2.04	8.16	6.12	6.12	2.04	0	0	4.08	8.16	0	2.04	0	18.37	0	2.04	0	0	0	0	0	0	0	0	0	8.16	2.04	0	2.04	0	2.04	0	0	2.04	0	0	0	0	0	0	0	0	0	16.33	0	6.12	10.2	2.04	2.04	2.04	0	0	2.04	0	2.04	0	0	yes
4763	23.35	0.46	34.52	50.96	13.9	30.88	8.82	6.3	4.51	0.19	0.9	0.46	0.23	2.52	3.55	7.77	3.67	1.85	5.33	0.23	2.67	8.69	2.71	1.07	1.57	7.73	0.21	4.83	0.34	0.34	0.57	4.53	3.55	1.07	0.02	0.52	0.23	9.05	1.11	0.78	0.48	1.18	1.2	0.34	3.04	1.26	1.53	0.76	0.36	0.46	1.3	0.4	0.29	0.5	0.25	10.16	0.97	4.43	5.04	0.84	1.15	2.33	0.29	0.48	0.25	0.06	0.21	0.04	0.25	yes
4810	43.73	0	21.64	38.81	21.41	21.83	1.29	0.69	0.12	0.46	0.08	0.02	0	0.6	7.71	1.89	0.52	1.12	0.64	0.06	0.37	8.05	2.68	0.02	0.98	7.92	0	2.35	0	0.62	0.1	1.52	1.29	0.27	0.02	0.15	0.1	7.32	0.75	0.42	0.08	0	0.12	0.06	5.76	0	4.01	2.68	0.04	1.29	1.91	1.41	0	0.64	0.37	8.52	0.71	3.74	4.01	0.73	0.73	0.94	0.69	0	0	0.21	0.06	0	0	yes
4398	4398	0	5.39	4.84	26.38	0.11	0.02	0.02	0.02	0	0	0	0	0	0.02	0.07	0.07	0	0.05	0	0.02	0	0	0	0	5.21	0	0	0	0	0	0.02	0	0.02	0	0	0	0	0	0	0	0	0	0	0	0	0	0	0	0	0.02	0	0	0.02	0	0.05	0	0	0.05	0.07	0.02	0	0	4.59	0	0	0	0	0	yes
841	32.35	0.83	42.81	69.92	16.29	44.59	17.48	11.89	7.37	0.48	2.5	0.83	0.71	5.59	3.8	15.7	9.75	2.85	10.7	1.19	3.69	7.13	2.97	1.78	2.38	9.04	0.48	10.23	0.24	0.48	0.71	6.9	6.3	1.07	0	0.59	0.12	9.39	1.31	0.71	1.07	1.55	1.43	0.48	1.07	2.02	2.97	0.71	2.14	0.24	1.66	0.59	0.12	0.95	0	8.32	1.43	3.09	4.28	1.07	1.19	2.5	0	0.24	0.83	0.24	1.31	0.12	0.24	yes
3703	23.44	0.49	41.4	54.71	19.42	33.73	7.91	5.37	2.38	0.89	1	0.54	0.57	2.54	4.89	8.37	5	2.27	5.16	0.49	3.43	8.21	3.51	0.89	1.84	8.59	0.38	6.45	0.22	0.22	0.49	4.1	2.4	1.73	0.3	0.68	0.27	9.51	1.27	1.35	0.7	1.51	1.03	0.35	2.62	1.35	2	0.65	0.86	0.43	1.67	0.51	0.89	0.05	0.24	8.97	1.3	3.78	3.81	2.19	1.32	1.11	0.32	0.76	0.3	0.24	0.14	0.16	0.3	yes
461	92.2	0	36.66	15.18	13.88	8.24	2.17	2.17	2.17	0	0	0	0	0	1.95	0.65	0.22	0.43	0	0	0	3.25	0.22	0.22	0.22	16.05	0	1.52	0	0.22	0.65	1.52	1.52	0	0	0	0	0.87	0	0	0	0	0	0	0.43	0.43	0	0	0	0	0.22	0	0.22	0	0	4.99	0	3.69	1.3	1.08	1.74	1.08	0	0.22	0	0	0.22	0.22	0.22	yes
28	28	0	82.14	53.57	25	25	7.14	3.57	3.57	0	0	0	0	3.57	0	10.71	7.14	7.14	0	0	7.14	3.57	10.71	0	0	14.29	3.57	0	0	0	0	7.14	0	7.14	3.57	3.57	0	3.57	0	0	0	0	0	0	3.57	0	0	0	0	0	0	0	0	0	0	21.43	3.57	0	14.29	0	0	0	0	0	0	0	0	0	0	yes
3450	49.29	0.06	28.06	50.7	23.13	28.17	6.06	3.88	1.1	1.13	1.16	0.32	0.17	2.17	3.54	8.14	3.94	2.41	3.97	1.01	2.43	8.78	2.23	1.42	1.3	10.61	0	5.86	0.58	0.17	0.46	5.8	4.72	1.07	0.12	0.12	0.38	9.57	2.43	0.55	0.52	0.9	1.36	0.64	2.2	0.9	1.22	0.78	0.26	0.17	1.07	0.43	0.38	0.14	0.12	11.28	0.9	4.46	5.83	0.67	1.16	1.19	0.06	0.29	0.12	0.06	0.09	0.12	0.06	yes
3453	25.39	1.22	32	26.15	19.64	12.51	3.85	2.75	0.87	0.75	1.1	0	0.03	1.1	1.68	2.14	1.25	0.29	1.74	0.06	1.1	4.05	1.48	0.03	0.32	8.49	0	2.55	0.03	0.06	0.2	1.85	1.59	0.41	0.09	0.14	0	4.03	0.98	0.78	0.35	0.32	0.29	0.09	1.22	0.29	0.43	0.26	0.14	0.03	0.26	0.06	0.12	0.06	0.03	4.92	0.67	1.85	2.46	1.74	2.75	1.1	0.23	1.07	0	0.58	0.09	0.03	0.03	yes
3988	24.32	0.13	37.96	50.28	23.29	28.01	5.77	3.71	1.5	0.88	0.68	0.43	0.23	2.06	4.66	5.17	3.03	1	3.41	0.5	2.41	8.07	2.51	0.6	2.31	8.02	0.18	5.94	0.5	0.28	0.53	6.54	5.49	1.08	0.15	0.48	0.28	7.57	0.63	0.58	0.55	0.6	1.48	0.35	2.61	0.88	2.08	1.45	0.3	0.25	1.6	0.53	0.3	0.48	0.38	9.15	1.08	4.04	3.84	1.08	1.6	2.21	0.1	0.25	0.48	0.03	0.13	0.1	0.13	yes
29	29	0	13.79	6.9	3.45	3.45	3.45	3.45	3.45	0	0	0	0	0	0	3.45	3.45	0	0	0	0	0	0	0	0	86.21	0	0	0	0	0	0	0	0	0	0	0	0	0	0	0	0	0	0	0	0	0	0	0	0	0	0	0	0	0	3.45	0	0	3.45	0	0	0	0	0	0	0	0	0	0	yes
17	17	0	88.24	17.65	11.76	11.76	11.76	11.76	11.76	0	0	0	0	0	0	5.88	5.88	0	0	0	0	0	0	0	0	5.88	0	0	0	0	0	0	0	0	0	0	0	0	0	0	0	0	0	0	0	0	0	0	0	0	0	0	0	0	0	5.88	0	0	5.88	0	0	0	0	0	0	0	0	0	0	yes
22	22	0	77.27	50	27.27	18.18	18.18	13.64	13.64	0	0	0	0	4.55	0	18.18	9.09	0	13.64	0	0	0	0	0	0	18.18	13.64	0	0	0	0	18.18	0	18.18	0	13.64	0	0	0	0	0	0	0	0	0	0	0	0	0	0	9.09	0	0	9.09	0	13.64	4.55	0	9.09	0	0	0	0	0	0	0	0	0	0	yes
1467	28.21	0.68	41.79	56.37	14.59	32.24	11.72	8.86	5.59	0.2	1.77	0.68	0.61	2.86	3.89	10.43	5.66	2.66	6.48	0.61	2.25	5.79	2.04	1.36	1.09	10.16	3.2	10.5	0.89	0.2	1.7	6.61	2.66	4.16	0.14	3.27	0.34	7.57	1.02	0.89	0.82	1.57	0.89	0.2	1.7	1.16	1.57	0.68	0.48	0.34	4.02	1.09	0.75	2.39	0.75	7.84	1.23	3.54	3.14	0.95	0.27	0.75	0.27	0.41	0.41	1.09	0.75	0	0.14	yes
3866	18.41	0.39	33.94	56.96	22.68	34.25	8.38	5.15	1.76	0.91	1.29	0.67	0.52	3.23	4.73	8.23	4.79	1.58	5.87	0.57	3.16	8.17	3.7	1.03	1.84	6.85	0.08	7.04	0.49	0.08	0.75	5.43	3.54	1.89	0.28	0.96	0.36	10.22	1.71	1.32	0.96	1.32	1.37	0.57	2.51	1.19	1.37	0.41	0.57	0.34	1.01	0.28	0.34	0.36	0.05	9.03	1.03	3.62	4.35	1.94	1.63	1.55	0.21	0.93	0.34	0.18	0.34	0.03	0.18	yes
3853	25.69	0.52	34.78	61.85	16.74	38.7	10.46	7.14	2.57	1.06	2.18	0.99	0.34	3.32	5.14	11.03	6.62	2.36	6.67	1.04	3.71	9.29	3.27	1.48	1.97	8.69	0.05	7.92	0.18	0.05	0.49	5.58	3.79	1.84	0.16	0.6	0.47	11.42	1.4	1.14	1.53	1.92	1.01	0.39	2.93	2.13	1.53	0.7	0.49	0.21	1.64	0.42	0.57	0.44	0.31	10.82	1.51	4.96	4.33	1.14	1.09	1.58	0.18	0.55	0.26	0.16	0.23	0.1	0.29	yes
85	21.25	2.35	75.29	68.24	11.76	38.82	12.94	10.59	5.88	0	4.71	0	0	2.35	4.71	9.41	4.71	1.18	7.06	0	1.18	7.06	4.71	0	4.71	8.24	0	8.24	0	0	3.53	10.59	9.41	1.18	1.18	0	0	11.76	1.18	0	2.35	3.53	1.18	0	3.53	1.18	3.53	1.18	1.18	1.18	2.35	1.18	1.18	0	0	14.12	1.18	8.24	4.71	0	3.53	1.18	0	0	1.18	0	0	0	0	yes
441	8.32	0.23	45.58	43.31	19.27	24.72	13.15	11.34	9.75	0	0.68	0.91	0	1.81	0	8.39	4.99	1.59	5.44	0	1.81	3.4	2.49	1.36	0.68	8.62	0.23	6.35	0	0	0.68	4.08	3.4	0.91	0	0.45	0.23	4.76	0.45	0.23	0	0	0.68	0.45	2.72	0.23	3.17	0.45	2.04	0.68	2.95	1.13	0	0.91	0.91	6.35	1.59	2.27	2.95	0	0.23	1.36	0.23	0.23	0.23	0.23	0	0.23	0.23	yes
3801	20.11	1.1	39.28	53.46	20.44	32.81	8.1	4.89	1.71	0.21	1.58	0.74	0.66	3.21	5.18	8.16	5.24	1.95	4.68	0.61	2.95	7.18	3.08	1.16	1.55	7.97	0.18	6.81	0.16	0.13	0.5	5.05	2.97	2.13	0.47	0.82	0.37	10.23	1.68	1.13	1	2.05	0.92	0.39	1.92	2.13	1.55	0.58	0.66	0.13	1.6	0.32	0.66	0.11	0.58	7.26	1.37	3.18	2.92	1.21	1.03	0.82	0.21	0.63	0.13	0.18	1.03	0.16	0.26	yes
4255	24.45	0.47	35.84	60.78	21.72	38.78	9.52	5.17	1.32	0.94	0.68	1.81	0.42	4.35	5.66	8.93	5.83	1.97	5.36	0.78	3.2	9.82	2.98	1.36	1.86	7.43	0.07	7.83	0.16	0.07	0.71	4.07	2.21	1.83	0.21	0.8	0.31	10.43	1.48	1.13	1.08	1.55	1.1	0.71	2.33	1.95	1.29	0.56	0.59	0.14	1.22	0.24	0.87	0.09	0.07	9.1	1.39	4.02	3.69	2.73	1.5	0.59	0.38	0.56	0.31	0.35	0.16	0.05	0.16	yes
4282	41.57	0.19	33.86	57.75	22.37	34.61	8.48	5.67	2.2	0.4	2.03	0.42	0.63	2.8	4.51	8.8	5.21	1.42	6.26	0.37	2.76	9.08	4.02	1	1.28	7.15	0	8.76	0.65	0.12	0.93	7.19	6.28	0.93	0.16	0.51	0.12	10.42	1.8	1	0.54	0.89	1.26	0.28	3.29	1.26	1.59	0.63	0.56	0.26	1.87	0.05	0.58	1.17	0.12	8.57	1.03	3.08	4.2	1.26	2.5	1.68	0.42	0.16	1.05	0.07	0.16	0.21	0.07	yes
3276	41.47	0.09	33.91	34.52	19.47	20.05	4.43	2.78	1.07	0.43	0.67	0.55	0.06	1.65	3.27	4.52	2.59	1.01	3.02	0.18	1.07	6.04	1.68	0.64	1.13	14.1	0.09	4.03	0.31	0.12	0.43	3.72	3.3	0.49	0.09	0.31	0.06	5.46	0.61	0.52	0.46	0.55	0.58	0.46	1.83	0.7	1.04	0.58	0.24	0.34	0.52	0.15	0.12	0.18	0.06	7.63	1.16	2.99	3.79	0.58	1.47	1.74	0.06	0.12	0.12	0.09	0.27	0.06	0.09	yes
1003	9.37	1.4	39.38	80.16	13.46	53.84	18.84	12.96	10.17	0.4	0.8	1.2	0.4	5.88	4.09	17.95	11.27	3.39	11.57	1.79	5.28	10.37	4.09	1.69	2.99	7.08	0.1	6.78	0.5	1	0.5	6.28	5.28	1	0	0.2	0.2	14.16	2.19	1.6	1.99	2.79	1	0	2.89	2.29	2.19	0.8	0.6	0.6	3.59	0.4	0.9	0.3	2.09	11.47	1.79	4.39	5.28	0.5	1.4	2.49	0.8	0.1	0.1	0.1	0.6	0	0.2	yes
660	28.7	0.15	50	41.21	27.73	20.45	4.09	3.18	0.45	1.36	1.06	0.3	0	0.91	2.58	4.55	1.52	0.3	3.79	0	1.52	8.64	1.21	0	1.06	12.27	0	4.7	0	0.3	0	4.24	4.24	0.3	0	0.15	0	3.64	0.76	0	0	0.15	0.61	0.3	1.36	0	1.97	0.91	0.61	0.15	0.61	0.15	0.3	0	0.15	9.85	1.06	3.79	4.39	1.67	0.91	1.82	0	2.88	0.15	0	0	0.15	0	yes
3330	18.5	0.84	31.98	46.94	14.95	27.39	7.81	5.17	3.15	0.06	1.62	0.3	0.03	2.64	4.14	6.97	3.24	1.62	4.68	0.39	1.74	7.15	2.43	0.57	1.47	9.28	0.03	4.8	0.21	0.18	0.63	3.33	3.03	0.54	0.15	0.3	0.03	7.42	0.84	0.93	0.81	1.05	0.66	0.39	2.25	1.11	1.92	0.93	0.3	0.33	1.98	0.39	0.21	0.12	1.29	8.62	1.29	3.84	3.78	0.69	0.84	1.41	0.54	0.36	0.27	0	0.18	0.18	0.18	yes
6190	1238	0	8.47	1.76	2.78	0.47	0.18	0.13	0.11	0	0.02	0	0	0.05	0.03	0.08	0.05	0	0.03	0.02	0.08	0.1	0	0.03	0.03	5.3	0	0.26	0	0.02	0.1	0.18	0.13	0.05	0	0.05	0	0.02	0	0	0	0	0	0	0.02	0	0.08	0.06	0	0.02	0	0	0	0	0	0.42	0	0.11	0.29	0.21	0.16	0.06	0	0.08	0	0	0.02	0.05	0.02	yes
3786	49.17	0.32	44.32	48.84	23.4	25.22	3.83	1.9	0.53	0.34	0.58	0.24	0.21	1.93	3.59	5.52	3.65	0.71	3.72	0.5	1.56	9.54	2.14	0.69	1.32	8.56	0	3.65	0.08	0.03	0.32	3.12	2.01	1.06	0.24	0.34	0.11	7.21	1	1.03	0.58	1.06	0.74	0.42	1.77	0.82	1.48	0.53	0.32	0.34	1.32	0.16	0.5	0	0.71	11.6	1.53	5.44	4.36	3.22	1.43	1.43	0.66	2.17	0.16	0.18	0.13	0.05	0.13	no
3224	32.24	0.4	42	50.43	20.91	30.09	6.92	4.47	1.89	0.68	0.99	0.59	0.31	2.45	4.03	7.82	5.21	1.4	5.12	0.74	2.36	8.19	2.57	1.27	1.4	10.2	0	5.83	0.19	0.03	0.87	4.56	3.16	1.36	0.19	0.56	0.34	8.59	1.33	0.96	0.78	1.58	0.56	0.19	2.3	1.36	1.24	0.68	0.34	0.22	1.18	0.28	0.59	0.03	0.31	8.16	1.24	3.63	3.32	2.02	1.36	1.02	0.12	0.53	0.03	0.28	0.12	0.03	0.16	no
4107	27.2	0.39	39.54	52.93	20.67	32.43	8.04	4.92	1.46	0.68	1.12	1.29	0.37	3.12	3.85	7.86	4.82	1.56	5.21	0.56	2.31	9.42	2.78	1.17	1.36	7.38	0.15	7.3	0.12	0.07	0.66	3.6	2.09	1.56	0.29	0.63	0.29	9.13	1.31	0.95	1.22	0.97	1.22	0.37	2.22	1.63	1.56	0.68	0.66	0.22	1.44	0.49	0.61	0.34	0.1	8.74	1.24	4.19	3.24	2.17	1.12	0.8	0.39	0.78	0.17	0.41	0.39	0	0.15	no
4270	28.85	0.23	29.98	49.06	18.99	29.72	6.72	4.96	0.77	2.37	1.5	0.21	0.12	1.76	3.91	6.18	3.75	1.08	4.05	0.49	1.94	10.37	1.8	0.42	1.43	8.85	0	6.65	0.07	0.12	0.21	3.09	2.95	0.16	0.02	0.02	0.07	5.95	0.44	0.42	0.35	0.49	0.54	0.66	2.69	0.52	2.01	0.91	0.96	0.12	0.42	0.16	0.07	0.14	0.05	11.73	0.96	5.15	5.39	0.7	1.64	3.11	0.47	0.87	0.37	0.02	0.09	0.05	0.05	no
4340	25.99	0.25	39.84	57.21	19.98	35.3	8.36	4.72	1.75	0.35	0.83	1.36	0.44	3.64	5.3	9.24	6.06	3.04	4.79	0.53	2.74	8.43	3.34	0.99	2	7.05	0.25	7.35	0.25	0.09	1.2	4.56	2.35	2.21	0.21	1.22	0.35	10.21	1.59	1.29	0.94	1.64	1.22	0.53	2.26	1.31	1.2	0.6	0.44	0.12	1.04	0.35	0.48	0.16	0.12	8.02	1.01	3.8	3.23	1.96	1.27	1.06	0.21	0.78	0.16	0.35	0.32	0.21	0.25	no
3300	44.59	0.61	41	53.09	23.24	31.7	6.88	3.42	1.06	0.45	1.27	0.15	0.48	3.45	5.03	7.94	5.15	1.12	5.33	0.73	2.48	7.45	3	1.36	1.79	9.33	0.06	5.45	0.03	0.09	1.03	4.45	2.58	1.91	0.09	0.55	0.42	9.91	1.61	1.76	1.27	1.79	1.3	0.42	1.64	1.58	1.42	0.55	0.33	0.27	1.15	0.33	0.45	0.24	0.21	6.52	0.61	3.61	2.15	3.52	1.42	0.45	0.15	1.76	0.33	0.21	0.21	0.09	0.12	no
3890	36.36	0.13	39.87	57.28	21.31	35.94	8.17	4.5	2.44	0.59	0.46	0.62	0.39	3.68	5.6	7.87	4.78	2.21	4.55	0.59	2.98	10.18	3.26	0.75	1.9	7.87	0.1	5.53	0.31	0.05	0.85	3.88	2.93	1.05	0.18	0.44	0.21	9.59	1.41	0.87	0.75	1.26	1.03	0.41	2.72	1.36	1.23	0.62	0.39	0.15	1.08	0.1	0.39	0.15	0.46	10.15	1.36	3.93	5.01	2.06	1.18	1.21	0.31	0.41	0.21	0.26	0.26	0	0.15	no
3848	18.77	0.29	40.12	50.86	21.05	28.74	7.59	4.63	1.56	0.86	1.77	0.29	0.16	2.96	3.82	7.38	3.87	1.09	5.61	0.34	2.31	8.08	2.94	0.73	1.35	7.67	0.03	6.16	0.29	0.23	0.36	5.25	4.57	0.65	0.21	0.16	0.16	8.68	0.83	1.53	0.47	1.01	0.91	0.39	2.96	1.25	2.52	0.78	0.21	0.26	3.77	0.34	0.31	0.49	2.68	8.24	0.99	3.53	3.59	1.07	1.98	2.31	0.47	0.34	0.08	0.03	0.1	0.13	0.03	no
656	29.82	0.15	54.73	45.73	21.95	24.85	5.79	4.57	1.07	1.22	1.22	0.76	0.3	1.22	3.51	5.64	3.51	0.46	3.81	0.76	1.37	6.4	3.05	1.83	1.37	9.15	0	6.86	0	0	1.98	5.64	4.57	0.91	0.15	0.15	0.15	10.98	2.13	0.46	0.76	1.37	2.29	0.46	3.05	1.52	1.68	1.07	0.46	0.15	0.3	0	0.15	0	0.15	7.77	0.91	3.51	3.2	1.68	0.61	0.46	0.15	1.68	0	0	0.15	0.3	0	no
4860	43.39	0.19	27.49	52.49	22.55	30.37	4.49	2.59	0.12	1.83	0.29	0.14	0.21	1.89	6.28	7.2	5.21	0.66	4.96	1.05	1.17	9.42	2.76	0.49	1.46	6.58	0	4.51	0.02	0.19	0.43	3.72	2.72	0.97	0.08	0.14	0.25	8.89	0.95	1.52	0.49	0.58	0.99	0.56	3.68	0.64	2.22	0.76	1.05	0.16	1.23	0.41	0.7	0.12	0	9.22	0.82	5.04	3.02	3.5	1.81	2.26	0.12	0.49	0.78	0.02	0.06	0.08	0.02	no
3987	19.74	0.68	38.65	60.5	21.27	39.18	9.41	4.09	1.13	0.6	1.1	0.68	0.58	5.32	4.92	11.16	7.7	1.38	7.62	1.28	3.44	9.23	3.61	1.33	2.43	8.05	0.18	5.97	0	0.03	0.65	3.91	2.66	1.23	0.15	0.5	0.25	11.51	1.68	1.45	1.66	1.93	1.43	0.83	2.18	1.71	1.25	0.4	0.5	0.28	0.83	0.3	0.4	0.13	0.05	9.81	1.18	4.92	3.74	2.18	1.28	0.55	0.18	0.85	0.05	0.18	0.23	0.23	0.25	no
3676	38.29	0.08	39.77	45.46	22.2	25.9	4.73	2.83	0.79	0.57	0.49	0.71	0.27	1.9	4.41	5.17	2.8	1.47	2.99	0.35	1.8	9.87	1.66	0.41	0.92	7.73	0.08	5.41	0.03	0.11	0.3	3.62	2.15	1.44	0.19	0.68	0.3	7.67	0.92	0.87	0.71	0.9	0.84	0.44	2.45	0.92	1.22	0.49	0.46	0.24	0.68	0.14	0.19	0.05	0.3	9.6	1.39	4.92	3.16	2.56	1.44	1.06	0.24	0.63	0.08	0.05	0.16	0.05	0.05	no
4697	28.82	0.21	34.3	59.36	19.99	37.41	8.73	4.64	0.94	0.55	1.19	0.81	1.15	4.09	5.24	9.2	6.09	2.36	5.68	0.6	3.24	9.71	3.96	1.41	1.6	6.54	0.09	6.88	0.11	0.04	0.92	3.98	1.85	2.13	0.36	0.94	0.23	10.67	1.36	1.28	0.75	1.62	1.28	1	2.98	1.38	1.32	0.7	0.34	0.3	0.81	0.38	0.4	0.06	0.02	12.07	1.62	5.75	4.49	1.55	1.49	0.62	0.23	0.4	0.38	0.64	0.11	0.15	0.32	no
3207	28.89	0.34	31.37	45.31	22.61	26.26	7.08	4.77	1.93	0.56	1.65	0.31	0.31	2.31	3.37	6.24	3.49	0.81	4.74	0.41	1.96	5.92	3.12	0.72	1.65	10.88	0.03	6.24	0.06	0.12	0.69	3.46	2.03	1.47	0.12	0.56	0.47	8.51	1.25	0.44	1	1.65	1	0.37	2.53	1.65	1.43	0.31	0.53	0.25	1.25	0.22	0.56	0.09	0.37	5.8	0.59	3.09	2.09	2.81	0.78	0.72	0.19	2.65	0.59	0.12	0.41	0.03	0.19	no
4072	17.04	0.32	38.06	58.62	17.85	37.57	10.31	6.04	2.7	0.91	1.4	0.61	0.42	4.27	4.72	9.63	5.55	1.69	6.39	0.74	3.07	8.82	3.07	1.28	1.84	7.66	0.1	7.34	0.32	0.1	0.56	5.26	3.68	1.57	0.25	0.44	0.27	12.11	2.16	1.13	1.42	2.28	1.3	0.39	2.48	1.96	1.47	0.39	0.59	0.42	0.74	0.22	0.37	0.12	0.02	8.79	1.06	4.27	3.32	1.38	1.82	0.88	0.25	0.52	0.17	0.15	0.39	0.2	0.1	no
3185	20.82	0	25.31	38.49	19.59	15.98	1.13	1.04	1	0	0.03	0	0	0.09	7.5	5.27	1.13	0	4.84	0.41	0.6	5.37	0.75	0	0.09	9.73	0	0.97	0.03	0.72	0.06	5.49	5.49	0	0	0	0	2.45	0.63	0.97	0.03	0.47	0.03	0	0.31	0.06	2.39	0.53	0	0.72	6.03	0.91	0.22	0.63	4.49	8.63	0.25	1.04	7.35	0.13	0.63	0.75	2.14	0.06	0.06	0	0.13	0.09	0	no
4722	39.02	0.32	33.93	47.78	23.1	28.19	4.57	2.6	0.17	1.55	0.4	0.25	0.23	1.97	5.42	6.59	4.81	0.87	4.45	0.89	1.86	7.58	3.01	0.76	1.21	6.61	0	4.38	0.04	0.11	0.36	3.28	2.2	1.1	0.11	0.28	0.36	9.06	1.06	1.82	0.57	0.93	0.95	0.51	3.01	1.12	0.91	0.42	0.21	0.25	0.95	0.17	0.68	0.11	0.04	8.89	1	4.64	3.22	3.92	1.88	0.51	0.13	0.74	0.13	0.08	0.06	0.11	0.06	no
3113	14.68	0.87	33.57	57.05	19.37	36.14	9.41	5.46	1.86	0.48	1.8	0.58	0.74	3.95	4.5	8.74	5.75	1.41	5.59	0.74	4.37	6.84	3.28	2.25	1.9	8.29	0.45	7.65	0.32	0.06	1.25	5.36	3.31	2.02	0.19	1.25	0.16	10.44	1.12	1.51	0.96	1.7	1.41	0.42	1.64	2.7	1.9	0.74	0.71	0.32	1.45	0.26	0.32	0.48	0.55	7.23	0.77	3.47	2.96	1.7	1.12	0.42	0.1	0.35	0.61	0.22	1.19	0.19	0.35	no
3818	23	0.55	28.39	55.32	20.93	36.01	8.12	5.13	2.3	0.89	0.84	0.76	0.34	2.99	5.26	9.4	6.36	2.51	5.29	0.71	2.07	10.69	2.51	0.73	1.15	8.67	0.1	6.86	0.13	0.05	0.5	3.38	2.25	1.1	0.16	0.58	0.18	9.9	1.62	0.86	0.6	0.89	1.15	0.37	3.56	1.07	1	0.31	0.39	0.24	0.39	0.26	0	0.08	0.08	11.05	1.2	5.47	3.95	1.86	1.44	0.65	0.21	0.42	0.16	0.05	0.1	0.03	0.03	no
4699	37.9	0.13	34.11	52.27	20.83	32.69	6.55	4.21	0.49	1.77	0.47	0.79	0.7	2.34	5	7.58	4.92	1.68	5.21	0.36	2.36	10.09	3	0.77	1.57	7.32	0	6.9	0.17	0.09	0.34	4.32	2.47	1.81	0.21	0.89	0.28	9.66	1.15	1.4	0.96	0.77	1.15	0.55	2.96	0.96	0.98	0.47	0.32	0.19	0.43	0.06	0.28	0.09	0	9.02	1.21	4.38	3.21	2.53	2.3	0.66	0.17	0.62	0.32	0.09	0.09	0.02	0.06	no
4955	47.64	0.06	30.21	60.95	20.52	36.83	8.98	5.81	1.25	3.51	0.5	0.02	0.52	3.17	4.42	8.17	5.13	0.73	5.69	1.19	1.59	11.3	4.14	0.54	1.82	6.98	0.02	8.38	0.34	0.24	0.38	3.57	2.6	0.97	0.26	0.22	0.36	11.62	1.03	0.81	0.99	0.89	1.21	1.09	5.55	1.11	0.59	0.26	0.12	0.24	2.12	0.48	1.29	0.06	0.3	11.54	1.55	4.84	4.48	3.07	1.9	0.67	0.83	0.77	0.14	0.16	0.08	0.1	0.16	no
4859	24.92	0.1	33.11	59.91	18.58	36.61	9.82	7.16	2.12	2.63	1.3	0.41	0.7	2.65	4.32	10.39	6.15	1.75	7.35	0.66	1.93	10.76	3.44	0.91	1.46	6.85	0.02	9.08	0.33	0.39	0.35	5.31	4.24	1.05	0.1	0.51	0.25	9.96	0.78	0.99	1.17	0.84	1.15	1.01	3.6	1.01	1.77	1.13	0.27	0.35	1.23	0.1	0.91	0.16	0.06	9.63	1.28	4.51	3.54	2.45	2	0.78	0.43	0.62	0.19	0.12	0.1	0	0.06	no
4647	25.82	0.32	34.45	58.6	18.89	36.26	8.82	4.97	1.94	0.67	1.14	0.73	0.49	3.85	4.5	10.87	6.76	2.04	7.47	0.77	3.31	8.95	3.42	1.48	1.74	7.17	0.06	6.63	0.11	0.06	0.77	4.05	2.63	1.42	0.47	0.56	0.06	12.37	2.32	1.53	1.42	1.89	1.59	0.65	2.3	1.81	1.51	0.28	0.84	0.32	1.66	0.15	1.33	0.09	0.09	8.41	1.4	3.51	3.44	2.11	1.64	0.69	0.28	0.58	0.26	0.47	0.19	0.15	0.09	no
3396	40.92	0.29	33.92	48.09	13.55	30.24	8.75	5.8	2.56	0.47	1.09	1.06	0.62	2.94	3.36	8.66	5.48	2.27	5.04	0.8	2.68	5.92	3.09	1.44	1.44	9.75	0.44	5.92	0.27	0.09	0.59	4.03	2.56	1.47	0.24	0.62	0.18	9.6	1.3	0.85	0.94	1.56	1.56	0.59	2.15	1.44	1.33	0.56	0.38	0.15	1.77	0.5	0.41	0.32	0.65	6.21	1.06	2.53	2.68	0.77	0.5	0.38	0.21	0.5	0.47	0.09	0.53	0.15	0.24	no
2511	16.52	1.23	37.28	57.07	24.41	35.48	10.43	5.18	2.55	0.48	0.96	0.56	0.64	5.26	5.18	10.91	7.33	1.75	8.04	0.6	3.35	5.54	2.71	1.79	1.83	11.03	0.36	5.97	0.08	0.04	1.27	5.26	3.19	2.11	0.28	0.96	0.12	11.19	1.75	1.87	1.55	2.03	0.92	0.4	1.87	1.67	1.47	0.64	0.36	0.24	1.27	0.32	0.36	0.16	0.52	5.85	0.68	2.51	2.99	1.75	1.63	0.56	0.28	0.48	0.16	0.04	0.6	0.12	0.56	no
4863	51.19	0	33.54	56.14	23.94	33.05	5.04	3.15	0.51	1.62	0.56	0.16	0.29	1.89	5.47	6.56	4.22	1.09	4.05	0.72	1.32	12.79	3.04	0.31	1.67	6.99	0	5.98	0.31	0.12	0.53	4.3	3.41	0.88	0.12	0.23	0.31	9.19	0.93	1.19	0.64	1.19	0.82	0.64	4.07	0.58	1.09	0.45	0.16	0.19	1.19	0.14	0.66	0.06	0.33	11.37	1.15	5.84	4.03	2.82	1.83	0.86	0.41	0.86	0.41	0.04	0.04	0.06	0.06	no
3033	29.45	1.15	38.67	51.2	23.64	32.18	7.78	3.76	1.15	0.63	1.06	0.46	0.46	4.02	5.21	8.14	5.97	0.96	5.87	0.59	2.87	6.96	3.2	1.25	1.38	10.15	0.33	5.57	0.2	0.07	0.49	4.19	2.37	1.81	0.1	0.86	0.36	10.32	1.65	1.91	0.92	2.01	1.29	0.23	1.42	1.91	0.59	0.2	0.26	0.03	0.63	0.2	0.26	0.16	0.07	5.04	0.79	2.37	1.55	3.23	1.25	0.4	0.03	3.1	0.26	0.03	0.43	0.13	0.03	no
4362	124.63	0.11	37.6	47.41	20.95	24.81	1.81	1.08	0.28	0.11	0.14	0.34	0.21	0.73	5.16	3.3	1.83	0.62	1.9	0.44	4.52	9.49	1.35	0.34	0.83	7.57	0.02	3.55	0.09	0.09	0.25	2.22	0.99	1.24	0.18	0.64	0.23	12.82	0.64	0.87	0.6	0.69	0.39	0.55	1.24	4.52	1.47	0.55	0.71	0.16	1.08	0.28	0.55	0.11	0.14	8.51	1.26	3.76	3.19	2.84	1.38	1.15	0.48	0.87	0.09	0.32	0.02	0.07	0.05	no
3403	33.69	0.06	33.09	45.55	18.07	27.21	6.94	4.64	1.97	0.73	1.35	0.18	0.41	2.29	3.41	6.7	2.82	0.76	5.2	0.24	2.2	8.02	2.82	0.56	1.32	9.87	0	5.14	0.15	0.24	0.44	2.76	2.5	0.24	0.06	0.03	0.06	8.37	1.79	0.65	0.59	0.94	0.68	0.21	3.23	0.76	2.29	0.47	1.38	0.38	0.73	0.06	0.26	0.29	0.12	10.55	1.03	4.73	4.58	0.73	0.94	2.35	0.32	0.29	0.56	0	0.09	0.06	0.03	no
4235	30.04	0.07	35.73	52.61	23.14	32.26	7.15	4.37	1.63	0.99	0.59	0.54	0.61	2.79	5.74	6.92	4.27	0.97	4.42	0.97	1.58	8.34	3.35	0.92	1.91	7.56	0.07	6.07	0.09	0.07	0.78	4.34	3.09	1.2	0.07	0.68	0.17	10.51	1.77	1.23	0.9	1.42	0.94	0.78	2.9	1.46	0.71	0.21	0.38	0.09	0.66	0.14	0.24	0.14	0.14	7.18	1.11	3.33	2.64	2.64	2.17	0.87	0.24	0.76	0.19	0.24	0.4	0	0.12	no
5192	52.44	0.1	31.49	33.15	21.59	19.11	3.87	2.66	0.64	0.77	0.94	0.08	0.23	1.21	3.14	4.03	2.31	0.64	2.75	0.27	1.02	5.99	2.33	0.17	1.02	6.2	0	5.22	0.35	0.02	0.33	2.29	1.75	0.54	0.08	0.1	0.21	6.18	0.77	0.54	0.56	0.87	0.56	0.33	2.6	0.67	0.42	0.12	0.19	0.12	0.4	0.1	0.23	0.04	0.04	5.62	0.42	2.87	2.31	2.2	0.96	0.48	0.39	0.98	0.37	0.08	0.06	0.04	0.08	no
3605	13.3	0.36	35.95	61	16.67	39.42	13.76	9.04	5.02	1.22	1.17	0.78	0.86	4.72	4.36	12.34	7.57	2.58	8.32	0.55	3.8	7.27	2.66	1.39	2.3	9.26	0.31	7.1	0.31	0.06	0.92	5.63	3.72	1.91	0.53	0.75	0.17	11.82	2.25	1.41	1.22	1.86	1.28	0.55	1.64	2.27	1.41	0.72	0.28	0.25	1.17	0.22	0.47	0.17	0.33	7.35	0.67	3.27	3.13	1.03	1.19	0.64	0.08	0.72	0.25	0.03	0.89	0.11	0.11	no
4139	39.8	0.29	30.88	48.68	16.96	27.54	7.59	4.45	2.88	0.36	0.94	0.14	0.12	3.14	2.73	6.96	4.52	1.69	4.59	0.17	2.63	6.67	3.79	0.39	1.69	7.97	0	4.45	0.29	0.17	0.89	4.23	3.65	0.63	0.14	0.17	0.22	9.11	1.3	0.72	0.92	1.45	0.94	0.1	3.12	1.26	3.26	0.77	0.14	0.34	3.36	0.17	0.6	0.41	2.37	7.95	0.48	2.71	4.76	0.58	1.16	1.4	0.85	0.17	0.12	0	0.51	0.14	0.07	no
4802	43.65	0.21	33.4	59.33	22.39	34.67	7.35	4.19	0.87	1.56	1.5	0.04	0.21	3.17	5.19	7.48	4.62	1.19	5.33	0.6	1.52	11.52	3.35	0.25	1.46	8	0	7.35	0.23	0.21	0.77	4.33	3.42	0.92	0.25	0.5	0.12	9.27	1.1	1.04	0.94	1.23	1.04	1.04	3.35	0.85	0.65	0.25	0.21	0.12	1.17	0.12	0.81	0	0.23	9.93	1.48	4.54	3.44	3.71	1.46	0.85	0.58	2.67	0.23	0.08	0.04	0.02	0.04	no
420	24.71	0.24	57.38	56.67	19.29	33.33	6.67	4.05	1.19	2.14	0.71	0	0	2.62	3.1	8.33	5.95	0.71	5.71	0.95	2.38	8.81	3.33	2.14	3.1	7.14	0	6.67	0	0.24	0.71	5.95	3.33	2.62	0.48	0.95	0.71	13.81	0.71	1.19	0.71	2.14	2.62	0.71	5.71	1.43	1.19	0.48	0.71	0	0.95	0.24	0.71	0	0	9.76	0.24	5	3.81	4.05	2.14	0.48	0.48	0.71	0	0.24	0.24	0	0	no
3808	16.41	0.89	36.84	53.2	20.35	32.43	7.59	4.52	1.44	1.08	0.92	0.5	0.58	3.07	4.62	8.95	6.07	1.29	5.99	0.87	2.28	8.93	2.23	1.02	1.23	7.98	0	6.62	0.13	0.11	0.63	3.73	2.57	1.13	0.03	0.53	0.13	9.59	1.34	1.23	0.95	1.08	0.97	0.5	2.52	1.47	1.58	0.47	0.55	0.53	1.5	0.18	1.21	0.05	0.05	8.59	0.76	4.07	3.73	1.92	1.44	0.89	0.21	0.81	0.42	0.18	0.29	0.16	0.03	no
4395	26.01	0.27	35.36	60.02	19.14	36.52	8.87	5.96	3.59	0.68	1.23	0.23	0.23	2.91	5.21	9.19	6.48	1.25	6.44	0.75	2.82	10.03	3.28	0.8	1.68	8.69	0.02	6.99	0.16	0.05	0.91	4.91	3.96	1.05	0.14	0.36	0.25	10.81	1.91	1.18	0.98	2.12	0.89	0.34	3.28	1.68	1.64	0.73	0.43	0.52	1.8	0.55	0.5	0.48	0.27	9.76	1.18	4.8	3.71	2.53	1.77	1.25	0.14	0.23	0.11	0.09	0.16	0.05	0.09	no
1797	1797	0	36.28	52.81	16.69	31.11	8.57	6.46	3.34	0.5	1.78	0.67	0.17	2.11	4.4	8.46	4.56	1.39	5.95	0.45	3.01	6.34	2.56	1.5	1.95	14.52	1.56	5.68	0.39	0.22	0.5	6.51	3.78	2.78	0.17	1.89	0.17	8.9	0.67	0.61	0.89	1.45	1.67	0.39	2.11	1.78	1.89	0.67	0.39	0.5	2.5	0.67	0.28	1.22	0.45	9.07	1.11	3.95	4.01	0.22	0.33	0.89	0.28	0.22	0.89	0.11	1.89	0.06	0.17	no
2365	14.87	0.85	36.28	55.22	21.01	34.12	10.95	6.77	3	0.42	2.03	0.8	0.51	4.19	3.76	9.01	5.2	1.18	6.72	0.59	3.3	6.85	2.62	1.27	1.82	11.88	0.25	6.93	0.25	0	0.55	6.34	4.57	1.99	0.42	0.72	0.25	9.98	1.4	0.63	1.27	1.95	1.23	0.34	2.11	1.95	1.82	0.59	0.89	0.25	0.97	0.3	0.38	0.21	0.08	8.12	1.1	3.81	2.83	1.14	1.18	0.59	0.25	0.59	0.13	0.13	0.89	0.17	0.13	no
1680	21.54	0.71	46.07	47.98	23.39	27.92	7.56	5.06	2.38	0.3	0.95	1.19	0.24	2.5	3.99	5.12	2.86	1.85	2.74	0.18	2.74	6.01	3.87	0.6	1.25	13.57	0.06	6.55	0.6	0.3	0.6	4.4	2.86	1.49	0.48	0.42	0.42	8.04	0.42	0.89	0.6	1.01	0.54	0.42	2.8	1.31	2.32	1.01	0.65	0.48	1.9	0.65	0.54	0.36	0.36	6.9	0.89	3.21	2.92	1.07	0.83	2.5	0.42	0.42	0.71	0.48	0.3	0.42	0.06	no
3294	18.4	0.18	42.71	55.1	21.43	33.06	7.5	5.13	2.4	0.73	1.09	0.43	0.49	2.37	4.43	7.74	4.77	1.28	4.86	0.88	2.49	9.32	3.22	0.7	1.85	8.41	0	5.83	0.46	0.18	0.18	5.04	3.83	1.18	0.03	0.39	0.46	9.23	1.52	1	0.97	0.97	0.82	0.36	2.94	1.24	1.28	0.64	0.24	0.27	1.73	0.36	0.55	0.36	0.52	9.62	1.52	4.4	3.76	2.16	1.37	1.09	0.76	0.61	0.27	0.09	0.39	0.21	0.12	no
4942	35.05	0.34	27.56	34.4	21.55	20.48	3.5	1.98	0.67	0.69	0.1	0.22	0.3	1.52	3.6	4.19	2.95	0.67	2.79	0.47	1.42	5.67	2.59	0.55	1.15	5.95	0.02	3.54	0.08	0	0.26	2.97	1.98	1.01	0.24	0.49	0.12	6.78	0.67	0.95	0.57	0.81	0.65	0.87	2.37	0.73	0.81	0.22	0.36	0.14	0.69	0	0.59	0.02	0.08	4.23	0.55	2.23	1.36	2.19	0.89	0.3	0.02	1.46	0.04	0.34	0.28	0	0.1	no
3765	29.88	0.19	35.88	57.56	20.8	36.33	9.16	5.6	2.97	0.96	0.69	0.72	0.27	3.56	4.75	9.75	5.9	2.05	6.53	0.56	2.9	10.28	3.11	0.96	1.73	8.21	0.05	6.48	0.19	0.11	0.13	3.35	2.36	1.04	0.11	0.45	0.27	10.17	1.51	1.41	0.96	1.25	1.17	0.9	2.5	1.12	1.12	0.29	0.5	0.21	0.53	0.19	0.19	0.08	0.08	10.09	1.54	4.12	4.46	2.52	1.78	0.53	0.24	0.98	0.24	0.11	0.29	0.05	0.08	no
3977	26.34	0.08	36.76	55.44	22.91	33.92	9.05	5.68	1.86	0.98	1.48	0.68	0.68	3.37	4.93	8.88	4.9	2.21	5.66	0.45	2.51	8.47	2.72	1.06	1.53	7.52	0.05	8.3	0.18	0.1	1.26	5.46	3.87	1.58	0.25	0.63	0.35	8.98	1.01	1.16	0.93	1.06	1.08	0.68	2.49	1.18	1.11	0.4	0.45	0.15	0.7	0.18	0.28	0.15	0.1	7.77	0.91	3.75	3.02	2.16	1.56	0.85	0.08	0.83	0.38	0.13	0.28	0.03	0.15	no
2460	29.64	0.24	38.82	50.49	21.54	29.92	9.31	6.02	3.58	0.24	0.85	0.77	0.57	3.29	2.56	7.56	4.55	1.5	4.72	0.69	3.66	5.41	3.05	1.22	1.42	11.3	0.57	5.45	0.57	0.04	0.61	5.81	4.11	1.75	0.08	0.93	0.33	9.92	1.38	1.1	0.89	1.34	0.93	0.33	2.85	1.67	1.26	0.28	0.28	0.41	2.28	0.65	0.33	0.73	0.69	6.83	0.69	3.94	2.28	0.65	1.14	0.93	0.08	0.45	0.24	0.08	1.75	0.2	0.41	no
2901	22.15	0.24	34.68	63.81	17.13	41.3	14.62	10.75	6.58	0.28	2.17	1	0.72	3.86	3.17	12.82	9.31	1.62	9.62	0.52	3.52	7.93	3.58	3.17	2.07	10.34	0.93	7.93	0.52	0.14	1.14	6.03	3.55	2.55	0.17	1.45	0.34	10.13	1.38	1	1.45	1.65	0.93	0.55	1.96	2.45	0.86	0.24	0.41	0.17	2.14	0.76	0.31	0.83	0.41	8.07	1.21	3.62	3.31	1.76	1.24	0.55	0.07	0.79	0.38	0.14	1	0.07	0.24	no
4702	26.72	0.06	34.99	62.34	19.95	39	8.42	4.91	0.96	2.59	0.72	0.3	0.34	3.51	5.08	8.7	5.87	0.94	5.74	1.11	2.81	11.19	4.25	1.06	2.25	6.13	0	7.06	0.13	0.19	0.34	4.89	3.59	1.28	0.26	0.49	0.26	12.99	1.13	1.34	1.55	1.13	1.47	0.6	4.57	1.68	1.23	0.64	0.38	0.17	0.81	0.13	0.57	0.04	0.06	10.61	1.55	4.76	4.59	3.06	3.06	0.64	0.28	0.72	0.28	0.23	0.17	0.09	0.3	no
2611	32.64	0.42	38.07	51.86	20.18	30.91	9.38	5.74	2.64	0.46	1.26	0.84	0.54	3.64	3.68	8.12	4.37	1.84	5.06	0.38	3.64	5.29	3.33	0.96	1.91	10.49	0.38	6.43	0.19	0.11	1.49	5.59	2.95	2.76	0.38	1.38	0.19	10	1.42	1.38	1.34	1.8	1	0.34	1.46	1.72	1.65	0.65	0.5	0.34	1.65	0.54	0.19	0.38	0.61	6.86	0.65	3.1	3.14	0.92	1.23	0.73	0.19	0.23	0.54	0.19	0.57	0.31	0.19	no
4645	73.73	0.13	28.76	53.97	18.34	33.93	5.64	3.16	0.28	1.33	0.93	0.26	0.37	2.48	6.89	6.03	3.6	2	3.19	0.37	1.81	12.44	1.83	0.19	1.68	9.43	0.02	5.17	0.28	0.06	0.15	2.13	1.74	0.43	0.02	0.09	0.19	5.68	0.9	0.45	0.37	0.75	0.45	0.11	2.48	0.6	3.94	2.82	0.97	0.17	0.69	0.43	0.17	0.06	0.04	13.54	0.71	5.86	6.65	0.5	1.38	3.19	0.28	0.3	0.13	0.02	0	0.09	0.04	no
4201	43.31	0	34.42	56.25	26.85	31.21	4.83	3.21	0.48	1.09	0.64	0.55	0.45	1.62	5.81	7.33	4.76	1.62	4.17	0.86	1.31	10.59	2.26	0.38	1.24	8.4	0	5.59	0.05	0.07	0.33	3.31	2.4	0.93	0.05	0.33	0.29	8.28	0.76	1.52	0.43	0.71	0.9	1.14	3.02	0.43	2.12	1.38	0.43	0.43	1	0.05	0.79	0.07	0.1	11.07	2.21	4.95	3.83	6.12	4.28	0.38	0.29	1.33	0.21	0.12	0.02	0.1	0.02	no
3798	23.3	0.13	35.81	52.82	17.93	31.1	7.9	5.69	3.03	1.03	1.03	0.32	0.29	2.21	3.08	8.64	5.08	1	6.16	0.74	3.16	8.35	2.87	0.84	2.16	9.32	0.03	5.79	0.18	0.05	0.71	3.95	2.61	1.45	0.21	0.45	0.18	10.51	0.9	0.87	0.61	1.69	0.95	0.32	4.29	1.32	1.34	0.58	0.32	0.34	1.79	0.16	1.13	0.32	0.18	13.06	4.29	4.48	4.34	0.82	1.03	1.66	0.11	0.29	0.29	0.13	0.29	0.03	0.21	no
3658	21.52	0.16	36.66	50.19	21.13	30.13	6.07	3.83	0.77	0.93	0.52	0.87	0.74	2.24	5	8.64	5.36	1.91	5.22	0.79	1.89	8.39	2.02	0.6	1.37	7.93	0.05	6.34	0.11	0.08	0.68	5.19	3.14	2.02	0.25	0.79	0.25	7.49	0.93	0.9	0.74	0.74	1.04	0.38	1.89	1.07	1.15	0.55	0.38	0.22	0.74	0.16	0.41	0.16	0	8.34	1.23	3.94	2.87	2.62	2.16	0.44	0.14	0.66	0.14	0.14	0.11	0.11	0.05	no
4905	44.19	0.1	31.25	58.27	21.59	32.15	6.48	4.22	1.3	1.37	1.02	0.14	0.39	2.26	4.89	7.83	4.69	0.92	5.77	0.53	1.41	11.01	2.96	0.43	1.16	7.91	0	7.09	0.18	0.02	0.47	3.96	3.08	0.82	0.2	0.12	0.18	9.36	0.98	1.28	1.08	0.94	0.88	0.88	3.08	1.16	1.18	0.53	0.41	0.27	1.79	0.35	1.28	0.04	0.12	11.44	2.24	5.28	3.63	3.65	2.39	0.67	1.49	1.77	0.08	0	0.04	0	0.06	no
4189	28.5	0.29	36.55	53.54	19.19	34.78	7.16	4.25	1.65	0.79	0.95	0.26	0.6	2.91	5.94	7.76	4.97	1.12	5.13	0.69	2.53	9.86	3.25	0.53	1.62	7.93	0.02	5.51	0.14	0.07	0.33	2.86	1.86	1.03	0.1	0.41	0.24	9.21	0.93	1.67	1.03	1.05	0.69	0.55	2.79	1.31	0.74	0.33	0.26	0.1	0.76	0.17	0.1	0.05	0.48	10.1	1.62	5.01	3.2	1.79	1.43	0.45	0.33	1.34	0.1	0.19	0.19	0.1	0.19	no
3925	28.24	0.46	36.18	56.15	21.91	37.63	10.17	5.83	1.89	0.92	1.43	0.54	1.07	4.33	4.25	11.08	7.95	2.14	6.85	1.17	3.31	7.01	3.95	1.68	1.58	9.38	0.1	6.88	0	0.03	0.46	4.61	3.01	1.61	0.08	0.82	0.18	12.31	1.83	1.17	1.89	2.78	1.32	0.61	2.29	2.42	1.32	0.38	0.71	0.23	0.43	0.13	0.18	0.08	0.05	6.37	0.56	2.88	2.85	1.78	1.1	0.74	0.08	0.89	0.23	0.31	0.64	0.43	0.1	no
4821	40.51	0.15	34.97	58.83	18.88	37.81	7.16	4.92	1.41	1.49	0.81	0.5	0.71	2.24	6.43	8.3	5.08	1.53	5.6	0.54	2.32	11.24	4.46	0.58	2.03	6.1	0	7.72	0.44	0.17	0.56	5.37	3.9	1.47	0.17	0.41	0.52	10.23	1.29	1.02	0.62	1.08	1.02	0.64	4.21	1.04	1.37	0.58	0.41	0.21	1.24	0.46	0.17	0.52	0.1	9.67	1.06	4.94	3.59	1.53	1.2	1.06	0.19	0.52	1.41	0.27	0.06	0.02	0.08	no
4013	54.23	0.05	35.01	45.13	23.12	25.82	5.23	2.64	0.7	0.92	0.42	0.4	0.2	2.59	3.21	5.98	3.91	1.27	3.61	0.62	1.37	8.65	2.29	0.52	1.4	7.68	0.05	5.26	0.1	0.15	0.45	3.16	1.92	1.25	0.25	0.52	0.4	8.12	1.12	1.05	1.1	0.72	0.97	0.77	2.49	0.45	1.15	0.4	0.42	0.3	0.87	0.22	0.5	0.07	0.12	7.55	1.17	3.41	2.82	2.27	1.5	0.57	0.2	0.95	0.35	0.17	0.22	0.05	0.15	no
3457	30.06	0.2	37.55	54.61	20.45	35.55	8.79	4.95	2.57	0.61	1.07	0.26	0.43	3.85	5.12	8.56	5.5	1.97	5.18	0.69	3.82	7.87	3.27	1.04	1.85	8.53	0.06	5.29	0.12	0.26	0.49	4.14	3.1	0.98	0.14	0.46	0.14	10.33	1.56	0.93	0.84	1.56	1.19	0.52	2.17	1.85	1.13	0.46	0.29	0.32	0.78	0.2	0.26	0.09	0.26	8.01	0.98	3.7	3.53	1.97	1.07	1.13	0.23	0.61	0.09	0.17	0.61	0.2	0.32	no
2864	15.65	0.21	31.6	46.12	22.84	27.09	9.08	7.05	2.06	0.49	4.16	0.21	0.14	2.03	2.3	7.51	2.86	0.8	6.04	0.38	2.09	7.65	2.03	0.45	1.68	12.01	0.07	8.87	0.28	0	0.52	5.17	4.64	0.52	0	0.31	0.21	6.49	0.66	1.05	1.22	1.15	0.7	0.45	1.01	1.19	1.05	0.77	0.24	0.03	0.45	0.07	0.1	0.28	0	7.44	1.15	3.42	2.79	1.96	1.19	0.59	0.45	0.35	0.14	0.07	0.21	0.03	0.14	no
4812	37.02	0.21	28.74	57.9	21.13	34.39	6.59	3.51	0.56	1.27	0.33	0.52	0.83	3.08	5.78	8.89	6.13	1.68	5.59	1.08	2.6	9.14	3.37	0.79	1.35	7.07	0	6.55	0.25	0.06	0.31	3.66	1.95	1.66	0.19	0.62	0.48	10.45	0.77	1.02	1.18	1.18	1.29	0.79	3.39	1.27	1.39	0.33	0.87	0.17	1.06	0.1	0.85	0	0.1	9.29	0.89	4.82	3.53	4.93	3.91	0.5	0.46	1.04	0.08	0.23	0.04	0	0.17	no
2763	21.09	1.16	38.47	57.22	20.81	36.52	11.87	8.22	3.8	0.36	2.28	0.76	1.01	3.66	3.44	11.04	7.24	2.06	7.64	0.65	4.05	6.37	3.91	2.14	1.63	11.04	0.43	7.06	0.14	0	0.69	4.89	3.18	1.77	0.33	0.87	0.25	11.22	1.95	1.52	1.27	1.88	1.19	0.33	2.06	1.88	1.7	0.69	0.22	0.65	2.06	0.36	0.8	0.33	0.69	6.88	0.87	2.9	2.86	1.05	0.98	1.01	0.4	0.72	0.14	0.22	0.65	0.18	0.25	no
3424	28.07	0.53	36.01	47.52	21.88	24.59	5.11	3.27	1.61	0.32	0.79	0.35	0.2	1.84	3.07	7.48	5.02	0.96	4.79	0.91	1.52	7.56	1.87	0.73	0.96	8.88	0	4.76	0.15	0.15	0.67	7.74	6.54	1.23	0.2	0.64	0.18	7.13	1.2	0.88	0.73	1.26	0.64	0.26	1.75	1.2	0.99	0.38	0.47	0.12	1.17	0.26	0.35	0.2	0.35	8.88	1.2	4.06	3.24	1.4	1.02	1.49	0.38	0.44	0.18	0.26	0.44	0.06	0.06	no
3139	112.11	0.25	26.35	36.29	38.55	20.93	5.03	2.77	0.96	0.25	1.18	0.1	0.29	2.26	2.45	6.31	3.98	0.51	4.84	0.48	2.64	4.21	2.33	0.96	1.15	10.13	0.45	2.96	0.13	0.06	0.25	3.25	2.13	1.08	0.16	0.45	0.13	6.69	0.96	1.12	0.99	0.76	0.8	0.25	1.21	1.31	1.37	0.86	0.06	0.35	0.73	0.16	0.13	0.38	0.1	3.85	0.8	1.94	1.12	1.02	2.77	0.25	0.16	1.75	0.03	0.19	0.67	0.22	0.19	no
3972	27.02	0.38	31.77	45.69	25.81	27.59	4.71	2.64	0.43	0.7	0.35	1.03	0.13	2.06	2.64	7.12	4.98	1.64	4.03	0.78	1.94	9.52	3.35	0.88	1.01	7.43	0.05	4.81	0	0.05	0.25	3.05	1.38	1.66	0.2	0.93	0.13	8.81	1.38	1.21	0.78	1.01	0.65	1.13	2.92	0.68	0.6	0.15	0.3	0.13	0.55	0.1	0.3	0.1	0.08	8.56	0.98	4.43	2.74	2.74	1.18	0.48	0.1	0.73	0.18	0.18	0.05	0.05	0.03	no
2732	14.85	0.88	36.16	53.44	19.25	33.2	11.09	7.72	3.77	0.84	1.98	0.84	0.29	3.37	3.48	8.09	4.43	1.57	5.31	0.7	3.33	6	3.4	1.21	1.87	11.13	0.07	6.99	0.11	0	0.7	5.45	4.03	1.5	0.26	0.55	0.4	11.13	1.61	1.17	1.5	2.12	1.02	0.26	2.49	2.27	1.68	0.95	0.4	0.37	0.92	0.33	0.22	0.18	0.29	7.72	1.02	3.22	3.7	0.99	0.73	0.95	0.11	0.55	0.15	0.15	0.92	0.07	0.37	no
2311	105.05	0.22	35.57	46.39	23.93	26.22	8.35	5.24	2.64	0.43	1.47	0.61	0.09	3.12	2.86	6.79	4.02	1.08	5.11	0.3	2.12	5.71	2.03	0.56	1.25	13.46	0.91	5.58	0.09	0.61	1.08	4.76	3.03	1.73	0.09	1.08	0.26	7.4	1.21	0.52	0.91	1.77	0.65	0.48	1.43	1.69	1.08	0.39	0.43	0.13	1.73	0.69	0.39	0.61	0.13	7.88	1.04	4.98	2.16	0.48	1.69	0.35	0.22	0.43	0.22	0.13	1	0	0.3	no
4609	29.17	0.24	32.68	57.69	25.43	32.76	6.31	3.51	0.28	1.37	0.63	0.26	0.98	2.8	5.45	7.75	5.03	1.26	5.42	0.65	2.13	10.07	2.97	0.72	1.08	7.01	0.02	6.25	0.28	0.02	0.65	3.69	2.71	0.98	0.15	0.54	0.13	8.68	0.98	1.11	0.87	0.43	0.93	0.91	2.97	0.74	1.41	0.59	0.63	0.22	0.95	0.11	0.61	0.15	0.09	10.33	1.32	4.27	4.69	3.86	2.41	0.65	1.19	1.89	0.33	0.04	0.07	0.02	0.11	no
3045	20.57	0.72	34.55	47.32	18.03	29.75	8.11	5.25	2	0.59	1.38	0.59	0.69	2.86	4.14	7.39	3.91	1.77	4.56	0.43	3.02	6.86	2.79	0.69	1.08	9.92	0.07	5.98	0.2	0.16	0.69	3.48	2.36	1.15	0.03	0.53	0.43	8.01	1.22	0.95	0.85	1.15	0.49	0.26	2.2	1.51	1.41	0.82	0.33	0.2	0.62	0.33	0.07	0.1	0.13	9	1.41	3.32	4.27	0.89	0.79	0.82	0.03	0.69	0.1	0.16	0.13	0.3	0.13	no
